,doc1,doc2,doc3,doc4,doc5,doc6,doc7,doc8,doc9,doc10,doc11,doc12,doc13,doc14,doc15,doc16,doc17,doc18,doc19,doc20
User 1 (basic),4.0,-4.0,2.0,-3.0,-1.0,3.0,-1.0,-2.0,3.0,-3.0,0.0,4.0,-2.0,-2.0,0.0,6.0,-4.0,1.0,-4.0,-1.0
User 2 (basic),-4.0,10.0,0.0,8.0,1.0,1.0,2.0,4.0,-2.0,1.0,1.0,-4.0,7.0,7.0,4.0,-4.0,10.0,3.0,2.0,5.0
User 1 (normed),1.00902,-0.87005,0.71111,-0.62005,-0.21354,1.37092,-0.35355,-0.37005,1.13272,-0.80507,0.04466,1.33311,-0.39645,-0.33138,0.14223,1.92465,-0.87005,0.55469,-0.84721,-0.08138
User 2 (normed),-0.84558,2.52639,0.01629,1.98772,0.31915,0.33618,0.74443,1.01411,-0.72448,0.27449,0.34963,-1.22772,1.80279,1.77639,0.94904,-1.18306,2.52639,1.06066,0.48344,1.23772
User 1 (n. and idf),0.24761,-0.13619,0.10946,-0.0892,-0.04353,0.31943,-0.05893,-0.04753,0.17907,-0.12803,0.01875,0.31165,-0.05725,-0.05328,0.02118,0.39615,-0.13619,0.07163,-0.12153,-0.00629
User 2 (n. and idf),-0.21717,0.32915,-0.06289,0.2403,0.04459,-0.0847,0.11353,0.07057,-0.12075,0.04681,0.01775,-0.25285,0.20855,0.20415,0.10228,-0.24647,0.32915,0.09642,0.04334,0.1153
